001192	0	0	8	Code table	INDICATEUR DES COMPOSITES
001193	0	0	8	Code table	TABLE DES IDENTIFICATEURS DES DONNEES COMBINEES
001194	0	0	72	CCITT IA5	CARRIER BALLOON/DROP TEMP
001195	0	0	72	CCITT IA5	MOBIL LAND STATION IDENTIFIER
001196	0	0	8	Numeric	NUMERO DE DEPARTEMENT
001197	0	0	21	Numeric	NUMERO DE COMMUNE ET NUMERO DE STATION DANS LA COMMUNE
001198	0	0	2	Code table	TYPE DE SPEMET
001199	0	0	4	Code table	OBJET PRINCIPAL DU SPEMET
001200	0	0	4	Numeric	WMO REGION SUB-AREA
001201	0	0	7	Numeric	IDENTIFIANT DE MASSIF MONTAGNEUX
001202	0	0	10	Numeric	NUMERO DE DEPARTEMENT ELARGI
001208	5	-1073741224	31	m/s	X-VELOCITY FROM EARTH'S CENTRE IN DIRECTION 0 EST
001209	5	-1073741224	31	m/s	Y-VELOCITY FROM EARTH'S CENTRE IN DIRECTION 90 EST
001210	5	-1073741224	31	m/s	Z-VELOCITY FROM EARTH'S CENTRE IN DIRECTION NORTH POLE
001220	0	0	248	CCITT IA5	IDENTIFICATION MARK OF A CLOUD SYSTEM ( FORMAT YYYYMMDDHHMM_TB_LAT_LON OR ``FIRST'')
001221	0	0	104	CCITT IA5	MODELE DE REFERENCE - REFERENCE PRODUCTEUR
002192	0	0	9	deg	SAR AZIMUTH ANGLE
002193	0	0	8	Code table	TYPE DE CALCULATEUR
002194	0	0	8	Code table	INDICATEUR DU DERNIER ETALONNAGE
002195	-6	0	16	1/S	FREQUENCE DU DERNIER ETALONNAGE
002196	0	0	16	Numeric	REGLAGE BAS DU DERNIER ETALONNAGE
002197	0	0	16	Numeric	REGLAGE HAUT DU DERNIER ETALONNAGE
002198	0	0	8	Code table	INDICATEUR D'ARRET OU DE PANNE
002199	1	-1000	16	DB	CONSTANTE RADAR
002200	0	0	2	Code table	INDICATEUR DE FONCTIONNEMENT DE L ELIMINATEUR ECHOS FIXES
002201	0	0	4	Code table	INDICATOR FOR METHOD OF CALCULATION OF SPECTRAL DATA
002202	0	0	3	Code table	INDICATOR FOR TYPE OF PLATFORM
002203	0	0	2	Code table	WAVE MEASUREMENT INSTRUMENTATION
002204	0	0	3	Code table	INDICATEUR DES UNITES DE VITESSE DU VENT ET DU TYPE D'INSTRUMENTS UTILISES
002205	0	0	8	Code table	TYPE DE RADAR
002206	0	0	2	Code table	INDICATEUR DE POSITIONNEMENT EN SITE INHIBE
002207	0	0	2	Code table	SENS DE BALAYAGE EN AZIMUT
002210	0	0	6	Numeric	TYPE DE SITE (POUR LES SYNOR)
002211	0	0	8	h	TEMPS DE BON FONCTIONNEMENT DE LA STATION
002212	0	0	8	min	TEMPS DE BON FONCTIONNEMENT DE LA STATION
002213	0	0	2	K	PRECISION DE MESURE DE TEMPERA TURE AMDAR
002214	0	0	14	Numeric	RENSEIGNEMENTS SUR L'ETAT DE FONCTIONNEMENT DE LA BOUEE
002215	0	0	1	Code table	INDICATEUR DU TYPE D'ANCRE FLOT TANTE
002216	4	0	3	M	RESOLUTION DU PLUVIOMETRE
004192	0	0	8	min	PERIODE A LAQUELLE SE RAPPORTE LA VALEUR SUIVANTE
004193	0	0	5	h	HEURE EFFECTIVE DU LANCEMENT DE LA RADIOSONDE
004194	0	0	6	min	MINUTES EFFECTIVES DU LANCEMENT DE LA RADIOSONDE
004195	0	0	4	h	NOMBRE D'HEURES ECOULEES ENTRE L'HEURE D'OBSERVATION GGGG ET L'HEURE A LAQUELLE SE REFERE LA DERNIERE POSITION
004196	0	0	7	Code table	DUREE DES PHENOMENES
004197	0	-1440	12	min	PERIODE DE REFERENCE POUR LES CUMULS ET EXTREMUMS
004198	0	0	11	min	DUREE PENDANT LAQUELLE L'HUMIDITE EST >= 80%
004199	0	0	11	min	DUREE PENDANT LAQUELLE L'HUMIDITE EST <= 40%
004200	0	0	11	min	DUREE DE GEL SOUS ABRI
004201	0	0	3	Code table	PERIODE D'OBSERVATION
005192	0	-1024000	24	M	DISTANCE OUEST-EST DU COIN NORD-OUEST DE L'IMAGE AU RADAR
005193	0	-1024000	24	M	DISTANCE W-E SUR LE PLAN DE PROJECTION DU COIN NW DE L'IMAGE
005194	0	0	8	Code table	INDICATEUR DU CENTRE DE PROJECTION
005195	5	-9000000	25	deg	LATITUDE DE REFERENCE
005196	2	0	10	deg	INCREMENT DE L'AZIMUT ENTRE CHAQUE TIR DE L'IMAGE POLAIRE
005197	2	0	10	deg	INCREMENT DE L'AZIMUT ENTRE CHAQUE TIR DE L'IMAGE POLAIRE AVANT INTERPOLATION
005217	2	-1073741224	31	M	X-LOCATION FROM EARTH'S CENTRE IN DIRECTION 0 EST
005232	0	0	12	deg	DIRECTION (SPECTRAL)
006192	0	-1024000	24	M	DISTANCE NORD-SUD DU COIN NORD-OUEST DE L'IMAGE AU RADAR
006193	-3	0	16	M	DISTANCE D APPLICATION DE LA CORRECTION EN 1/R2
006194	-3	0	16	M	PORTEE DE DEBUT DE TRAITEMENT D'UN SITE
006195	-3	0	16	M	PORTEE DE FIN DE TRAITEMENT D'UN SITE
006196	-3	0	16	M	DISTANCE OBLIQUE MAXIMAL D'UTILISATION DES DONNEES
006197	0	-1024000	24	M	DISTANCE NS SUR LE PLAN DE PROJECTION DU COIN NW DE L'IMAGE
006198	5	-18000000	26	deg	LONGITUDE DU MERIDIEN PARALLELE A L'AXE DES Y
006199	-3	0	10	M	PORTEE HYDROLOGIQUE UTILE
006217	2	-1073741224	31	M	Y-LOCATION FROM EARTH'S CENTRE IN DIRECTION 90 EST
006232	5	0	13	RADS/M	WAVENUMBER (SPECTRAL)
007192	2	0	15	M	HAUTEUR AU DESSUS DU SOL
007193	1	0	12	K	BRIGHTNESS TEMPERATURE
007217	2	-1073741224	31	M	Z-LOCATION FROM EARTH'S CENTRE IN DIRECTION NORTH POLE
008192	0	0	4	Code table	INDICATEUR DE CHANGEMENT D'UNE PREVISION DE TYPE "TENDANCE" OU D'UNE PREVISION D'AERODROME
008193	0	0	5	Code table	PHASE OF THE LIFE CYCLE OF THE CLOUD SYSTEM
008194	0	0	23	Flag table	CARACTERISTIQUE DE L'ALERTE
008195	0	0	2	Code table	CARACTERISTIQUE DE LA DONNEE QUI SUIT
008200	0	0	2	Code table	NATURE (CONVECTIVE OR NOT) OF THE CLOUD SYSTEM
008201	0	0	3	Code table	QUALITATIVE VALUE
008202	0	0	5	Code table	TYPE DE PREVISION
008203	0	0	5	Code table	CARACTERISTIQUE TEMPORELLE MF
008204	0	0	5	Code table	CARACTERISTIQUE METEOROLOGIQUE MF
010192	-1	0	14	Pa	PRESSION MINIMUM REDUITE AU NIVEAU DE LA MER
010193	-1	0	14	Pa	PRESSION MAXIMUM REDUITE AU NIVEAU DE LA MER
011195	0	0	4	BEAUFORT	FORCE MAXI DU VENT PENDANT W1W2
011196	0	0	9	DEGRE_VRAI	DIRECTION D'OU SOUFFLE LE VENT EN ALTITUDE
011197	1	0	12	m/s	VITESSE DU VENT EN ALTITUDE
011198	0	0	9	deg	DIRECTION DU VENT MAXIMAL INSTANTANE
011199	1	0	12	m/s	VITESSE DU VENT MAXIMAL INSTANTANE
011200	0	0	9	deg	DIRECTION ASSOCIEE A LA VITESSE QUI SUIT
011201	1	0	12	m/s	VITESSE MAXIMALE DU VENT INSTANTANE SUR 10MN
011202	1	0	12	m/s	VITESSE MAXIMALE DU VENT INSTANTANE SUR 24 HEURES
011203	1	0	12	m/s	VITESSE DU VENT A 2M
012192	2	0	16	K	TEMPERATURE/DRY-BULB TEMPERATURE
012193	2	0	16	K	WET-BULB TEMPERATURE
012194	2	0	16	K	DEW-POINT TEMPERATURE
012195	2	0	16	K	DRY-BULB TEMPERATURE AT 2M
012196	2	0	16	K	WET-BULB TEMPERATURE AT 2M
012197	2	0	16	K	DEW-POINT TEMPERATURE AT 2M
012198	2	0	16	K	VIRTUAL TEMPERATURE
012202	2	0	16	K	MAXIMUM TEMPERATURE,AT HEIGHT AND OVER PERIOD SPECIFIED
012203	2	0	15	K	MINIMUM TEMPERATURE,AT HEIGHT AND OVER PERIOD SPECIFIED
012204	2	0	15	K	GROUND MINIMUM TEMPERATURE, PAST 12 HOURS
012205	2	0	16	K	MAXIMUM TEMPERATURE AT 2M, PAST 12 HOURS
012206	2	0	15	K	MINIMUM TEMPERATURE AT 2M, PAST 12 HOURS
012207	2	0	16	K	MAXIMUM TEMPERATURE AT 2M, PAST 24 HOURS
012208	2	0	15	K	MINIMUM TEMPERATURE AT 2M, PAST 24 HOURS
012209	2	0	16	K	TEMPERATURE NON SPECIFIEE (VOIE 1)
012210	2	0	16	K	TEMPERATURE NON SPECIFIEE (VOIE 2)
012221	2	0	16	K	MINIMUM SOIL TEMPERATURE
012222	2	0	15	K	TEMPERATURE DE LA SURFACE DE LA NEIGE
012223	2	0	16	K	TEMPERATURE DE L'AIR MAXIMALE
012224	2	0	16	K	TEMPERATURE DE L'AIR MINIMALE
012225	2	0	16	K	TEMPERATURE DE L'AIR A -10CM
012226	2	0	16	K	TEMPERATURE DE L'AIR A -20CM
012227	2	0	16	K	TEMPERATURE DE L'AIR A -50CM
012228	2	0	16	K	TEMPERATURE DE L'AIR A -100CM
012229	2	0	16	K	TEMPERATURE MINIMALE A 50CM
012230	2	0	16	K	TEMPERATURE MINIMALE A 10CM
012231	1	0	9	Numeric	LARGEUR DE L'INTERVALLE TMIN
012232	1	0	9	Numeric	LARGEUR DE L'INTERVALLE TMAX
012250	4	-1224	11	K/S	COOLING RATE OF THE CLOUD SYSTEM
012252	2	0	16	K	SKIN TEMPERATURE
012253	2	0	16	K	EQUIVALENT BLACK BODY TEMPERATURE
013192	0	0	4	Code table	PRECIPITATIONS CODE TR
013193	1	0	14	kg m-2	CUMUL DE PRECIPITATION SUR 6 MN
013194	1	0	14	kg m-2	QUANTITE TOTALE DE PRECIPITATION AU COURS D'UNE CERTAINE PERIODE
013195	2	0	16	M	HAUTEUR TOTALE DE LA COUCHE DE NEIGE AU SOL AU POINT DE MESURE D'ALTITUDE
013196	2	0	12	M	EPAISSEUR DE LA NEIGE FRAICHE TOMBEE EN ALTITUDE
013197	1	0	7	%	TENEUR EN EAU LIQUIDE VOLUMIQUE DE LA NEIGE
013198	0	0	9	kg m-3	MASSE VOLUMIQUE DE LA NEIGE
013199	1	0	12	kg m-2	DEPOT DE VERGLAS
013200	1	0	12	kg m-2	DEPOT DE GIVRE
013201	0	0	7	%	HUMIDITE RELATIVE MINIMALE
013202	0	0	7	%	HUMIDITE RELATIVE MAXIMALE
013204	2	0	12	M	HAUTEUR MAXIMALE DE NEIGE AU SOL MESUREE OU ESTIMEE
013209	0	0	7	%	POURCENTAGE DE NEIGE DANS LES PRECIPITATIONS
014192	0	0	6	min	INSOLATION HORAIRE
014193	0	0	11	min	INSOLATION SUR LA PERIODE DEFINIE
014194	-2	0	16	J m-2	RAYONNEMENT GLOBAL (TRES PRECIS) INTEGRE SUR UNE PERIODE DETERMINEE
014195	-2	0	16	J m-2	RAYONNEMENT DIFFUS (TRES PRECIS) INTEGRE SUR UNE PERIODE DETERMINEE
014196	-2	0	16	J m-2	RAYONNEMENT DIRECT (TRES PRECIS) INTEGRE SUR UNE PERIODE DETERMINEE
014197	-2	0	16	J m-2	RAYONNEMENT INFRA ROUGE (TRES PRECIS) INTEGRE SUR UNE PERIODE DETERMINEE
015202	3	13000	12	log (m-2)	LOG OF ELECTRON DENSITY
016193	0	0	16	Numeric	NUMBER OF NEGATIVE CLOUD-TO-GROUND LIGHTNING FLASHES
016194	0	0	16	Numeric	NUMBER OF POSITIVE CLOUD-TO-GROUND LIGHTNING FLASHES
016195	0	0	16	Numeric	NUMBER OF INTRACLOUD LIGHTNING FLASHES
019192	-3	0	25	M	LENGTH OF THE SMALL AXIS OF THE FITTING ELLIPSE OF THE CLOUD SYSTEM
019193	0	0	9	degree true	ANGLE OF THE FITTING ELLIPSE OF THE CLOUD SYSTEM
019194	-6	0	28	m2	AREA OF THE CLOUD SYSTEM AT THIS BRIGHTNESS TEMPERATURE THRESHOLD
019200	5	-1048776	21	1/S	AREA EXPANSION RATE OF THE CLOUD SYSTEM
020192	0	0	3	Code table	CLASSE DE NEBULOSITE SYMPO
020193	-1	0	13	M	VISIBILITE VERS LA MER A PARTIR D'UNE STATION COTIERE
020194	0	0	4	Code table	ETAT DE LA NEIGE
020195	2	0	7	M	PROFONDEUR DE PENETRATION DE LA SONDE DE BATTAGE
020196	0	0	4	Code table	NUAGES DANS LA VALLEE
020197	0	0	4	Code table	CHASSE-NEIGE EN ALTITUDE
020198	0	0	4	Code table	DESCRIPTION AVALANCHES OBSERVEES
020199	0	0	4	Code table	GENRE D'AVALANCHES
020200	0	0	4	Code table	ALTITUDE DEPART DE L'AVALANCHE
020201	0	0	4	Code table	EXPOSITION DE L'AVALANCHE
020202	0	0	4	Code table	ESTIMATION DU RISQUE D'AVALANCHE
020203	0	0	4	Code table	TYPE DES GRAINS DE SURFACE PREDOMINANT DANS LA COUCHE
020204	0	0	4	Code table	TYPE DES GRAINS DE SURFACE LES PLUS NOMBREUX APRES LES GRAINS PREDOMINANTS
020205	4	0	7	M	DIAMETRE MOYEN DES GRAINS
020206	0	0	2	Code table	INDICATEUR D'HOMOGENEITE DE LA COUCHE
020207	0	0	4	Code table	EPAISSEUR DE LA COUCHE
020209	0	0	3	Code table	CLASSES DE NEBULOSITE POUR APPROCHE
020210	0	0	16	Flag table	OCCURENCE DE PHENOMENE
020211	0	0	4	Code table	NEBULOSITE MAXIMALE >4/8 POUR UNE HAUTEUR < 300M
020212	-1	440	7	M	HAUTEUR < 300M DE LA BASE DES NUAGES POUR UNE NEBUL>4
020215	0	0	2	Code table	INDICATEUR DE GRAIN
020220	0	0	6	Code table	W1 (TEMPS PRESENT SYMPO)
020221	0	0	5	Code table	W2 (W1 SYMPO SIMPLIFIE)
020222	0	0	6	Code table	TEMPS SENSIBLE
020223	1	0	7	Numeric	ETENDUE DE LA COUCHE NUAGEUSE EN OCTAS
021192	2	-5000	13	DB	RADAR BACK SCATTER
021193	0	0	7	%	NOISE FIGURE
021194	0	0	8	Numeric	BACKGROUND NOISE LEVEL
021195	0	-227	8	Numeric	MISSING PACKET COUNTER
021196	0	0	12	Flag table	UWA PRODUCT CONFIDENCE
021197	0	0	12	Flag table	UWI PRODUCT CONFIDENCE
021198	0	0	8	Flag table	URA PRODUCT CONFIDENCE
021199	0	0	7	Flag table	UAT QUALITY ANALYSIS TESTS
021201	0	0	16	Numeric	PEAKINESS
021202	0	0	4	Flag table	ALTIMETER CALIBRATION STATUS
021203	0	0	9	Flag table	ALTIMETER INSTRUMENT MODE
021204	2	-112	10	K	MULTI/SINGLE VIEW DIFFERENCE
021205	0	0	8	Numeric	SPECTRAL INTENSITY
021206	0	0	3	Code table	REPRESENTATION OF INTENSITY
021207	3	0	14	M	ALTITUDE CORRECTION (IONOSPHERE)
021208	3	0	9	M	ALTITUDE CORRECTION (DRY TROPOSPHERE)
021209	3	2000	10	M	ALTITUDE CORRECTION (WET TROPOSPHERE)
021210	3	0	11	M	ALTITUDE CORRECTION (CALIBRATION CONSTANT)
021211	3	0	10	M	OPEN LOOP CORRECTION (HTL)
021212	3	-3000	14	DB	OPEN LOOP CORRECTION (AGC)
021214	0	0	3	Code table	UAT QUALITY SUMMARY
021215	0	0	4	Numeric	UAT ACROSS-TRACK BAND NUMBER
021216	1	0	16	DBZ	REFLECTIVITE POUR LA VALEUR DU PIXEL
021217	1	0	16	DBZ	REFLECTIVITE THEORIQUE
021218	1	0	16	DBZ	REFLECTIVITE MESUREE
021219	0	-127	8	DBZ	REFLECTIVITE MINIMALE POUR LA VALEUR DU PIXEL POUR LES IMMAGES CODEES
021220	0	-127	8	DBZ	REFLECTIVITE MAXIMALE POUR LA VALEUR DU PIXEL POUR LES IMMAGES CODEES
021222	0	0	7	DB	DOPPLER SPECTRUM 0 TH MOMENT (AMPLITUDE)
021225	0	0	10	Flag table	PRESCAT PRODUCT CONFIDENCE
021226	0	0	7	%	POURCENTAGE DE MASQUE
022192	0	0	4	Code table	STATE OF THE SEA
022200	2	0	13	M	SIGNIFICANT WAVE HEIGHT (NOTE 1)
022201	1	0	9	S	SPECTRAL PEAK PERIOD
022202	0	0	13	M	SPECTRAL PEAK WAVE LENGTH
022203	2	0	13	M	MAXIMUM WAVE HEIGHT
022204	1	0	9	S	AVERAGE WAVE PERIOD
022205	0	0	12	M	AVERAGE WAVE LENGTH
022206	0	0	9	degree true	DIRECTION OF DOMINANT WAVE (NOTE 2)
022207	0	0	8	degree true	DIRECTIONNAL SPREAD OF DOMINANT WAVE (NOTE 2)
022210	0	0	12	S	DURATION OF WAVE RECORD
022211	0	0	16	M	LENGTH OF WAVE RECORD
022212	3	0	10	1/S	WAVEBAND CENTRAL FREQUENCY
022213	5	0	13	m-1	WAVEBAND CENTRAL WAVE NUMBER
022214	2	0	20	m2 Hz-1	MAXIMUM NON-DIRECTIONAL SPECTRAL DENSITY FREQUENCY
022215	2	0	20	m3	MAXIMUM NON-DIRECTIONAL SPECTRAL DENSITY WAVE NUMBER
022216	0	0	7	Numeric	NUMBER OF THE BAND IN WHICH THE MAXIMUM NON-DIRECTIONAL SPECTRAL DENSITY LIES
022217	0	0	7	Numeric	SPECTRAL DENSITY RATIO
022218	0	0	9	degree true	MEAN DIRECTION FROM WHICH WAVES ARE COMING
022219	0	0	9	degree true	PRINCIPAL DIRECTION FROM WHICH WAVES ARE COMING (NOTE 3)
022220	2	0	7	Numeric	FIRST NORMALISED POLAR CO-ORDINATE DERIVED FROM FOURIER COEFFICIENTS
022221	2	0	7	Numeric	SECOND NORMALISED POLAR CO-ORDINATE DERIVED FROM FOURIER COEFFICIENTS
022222	2	0	20	m2 Hz-1	NON-DIRECTIONAL SPECTRAL ESTIMATE OF FREQUENCY
022223	2	2	20	m3	NON-DIRECTIONAL SPECTRAL ESTIMATE OF WAVE NUMBER
022224	2	0	20	M**2/HZ/RAD	DIRECTIONAL SPECTRAL ESTIMATE OF FREQUENCY
022225	2	0	20	m4	DIRECTIONAL SPECTRAL ESTIMATE OF WAVE NUMBER
022226	0	0	7	Numeric	TOTAL NUMBER OF BANDS
022227	0	0	8	degree true	DIRECTIONAL SPREAD OF INDIVIDUAL WAVES
022228	0	0	2	Code table	INDICATEUR DE FOND
022230	2	-1000	12	M	SEUIL DE DANGEROSITE PAR RAPPORT AU NIVEAUX MOYEN
022231	2	-1000	12	M	HAUTEUR DES MAREES PAR RAPPORT AU NIVEAU MOYEN
022232	2	-1000	12	M	SOMME DE LA MAREE ASTRONOMIQUE ET DE LA SURCOTE
022233	2	-1000	12	M	SURCOTE-DECOTE PAR RAPPORT AU NIVEAU MOYEN
022243	2	0	10	M	STANDARD DEVIATION SIGNIFICANT WAVE HEIGHT
025192	0	0	8	Code table	METHODE DE COMPOSITION DANS LES ZONES DE RECOUVREMENT
025193	2	0	16	Numeric	NUMERO DE VERSION LOGICIELLE DU CALCULATEUR
025194	2	0	16	Numeric	NUMERO DE VERSION DE COMPOSITE
025195	0	0	8	Numeric	NUMERO DE VERSION DE CARTE UTILISEE POUR COMPOSITION
025196	0	0	8	Code table	METHODE DE CUMUL
025197	0	0	24	Numeric	NOMBRE D'IMAGES PRISES EN COMPTE
025198	0	0	16	Numeric	NOMBRE DE PORTES PAR TIR
025199	0	0	4	Code table	METHODE D'INTEGRATION DISTANCE
025200	0	0	4	Code table	METHODE D'INTEGRATION AZIMUT
025207	3	0	18	kg m-2	CORRECTION D'INTENSITE DE PRECIPITATION
025208	4	0	15	S	SAMPLING INTERVAL (TIME)
025209	2	0	12	M	SAMPLING INTERVAL (SPACE)
025210	2	0	10	Numeric	FACTEUR DE CORRECTION GLOBAL (PLUIE PLUVIOMETRE)/(PLUIE RADAR)
025211	0	0	7	DBZ	SEUIL DE REFLECTIVITE POUR LE CALCUL DES DEPLACEMENTS D'ECHOS RADAR
025212	0	0	7	Numeric	SEUIL D'OCCURRENCE POUR LA DEFINITION DES ECHOS FIXES (%)
025213	0	0	7	Numeric	SEUIL DE PRESENCE MINIMAL DES ECHOS FIXES POUR VALIDER L'IMAGE (%)
025214	1	0	12	K	SEUIL DE TEMPERATURE DES IMAGES SATELLITALES IR POUR LE FILTRAGE
025215	1	0	12	K	MARGE DE TEMPERATURE POUR LE FILTRAGE IR
025216	0	0	8	Numeric	SEUIL DE RADIANCE DES IMAGES SATELLITALES VISIBLES POUR LE FILTRAGE
025217	0	0	3	Code table	MODE DE FONCTIONNEMENT DU FILTRAGE DES ECHOS NON METEOROLOGIQUES
025218	0	0	4	Code table	CORRECTION PAR UN PROFIL VERTICAL DE REFLECTIVITE
025219	0	0	3	Code table	METHODE D'ELABORATION DU MASQUE D'ECHOS FIXES
025228	0	0	5	Code table	DATA USED FOR DIAGNOSTIC
025229	0	0	24	CCITT IA5	METHOD USED TO DIAGNOSE THE NATURE OF A CLOUD SYSTEM
026192	0	0	11	min	DUREE D'HUMECTATION
030192	0	0	8	Flag table	MODE DE BALAYAGE
031192	0	0	32	Numeric	FACTEUR SUPER ELARGI DE REPETITION DIFFERE DU DESCRIPTEUR
033192	0	0	3	Code table	FLAG DE QUALITE SUR PARAMETRE
033193	0	0	2	Code table	ATTRIBUT DE LA VALEUR QUI SUIT
033212	0	0	2	Code table	QUALITE DE LA MESURE DE PRESSION
033213	0	0	2	Code table	QUALITE DU PARAMETRE TECHNOLOGI QUE(DEUXIEME VARIABLE DU PREMIERBLOC DE DONNEES CAPTEURS DES PLATES-FORMES ARGOS)
033214	0	0	2	Code table	QUALITE DE LA MESURE DE LA TEMPERATURE DE L'EAU EN SURFACE
033215	0	0	2	Code table	QUALITE DE LA MESURE DE LA TEMPERATURE DE L'AIR
033216	0	0	2	Code table	QUALITE DES TRANSMISSIONS ENTRE LA BOUEE ET LE SATELLITE
033217	0	0	2	Code table	QUALITE DE LA POSITION
033218	0	0	3	Code table	INDICATEUR CONTROLE DE QUALITE DES DONNEES RELATIVES A LA POSI TION
033219	0	0	3	Code table	INDICATEUR CONTROLE DE QUALITE DES DONNEES RELATIVES A L'HEURE
033220	0	0	3	Code table	INDICATEUR CONTROLE DE QUALITE DES DONNEES METEOROLOGIQUES
033221	0	0	4	Code table	INDICATEUR DE POSITION DU GROUPE
033222	0	0	3	Code table	INDICATEUR CONTROLE DE QUALITE DES DONNEES MARINES
033223	0	0	3	Code table	INDICATEUR DE CONTROLE DE QUALI TE DES DONNEES RELATIVES AUX PROFILS DE TEMPERATURE ET DE SALINITE
033224	0	0	3	Code table	INDICATEUR CONTROLE DE QUALITE DES DONNEES RELATIVES AUX PROFILS DES COURANTS
033230	0	0	3	Code table	SPATIAL QUALITY INDICATOR OF THE CLOUD SYSTEM
033231	0	0	4	Code table	TEMPORAL QUALITY INDICATOR OF THE TRACKING OF THE CLOUD SYSTEM
033232	0	0	3	Code table	QUALITY INDICATOR OF THE HEIGHT OF TOP OF THE CLOUD SYSTEM
033233	0	0	7	%	DEGRE DE CONFIANCE ASSOCIE AU PARAMETRE DEFINI PAR L'INTERVALLE QUI SUIT
033234	0	0	7	%	PROBABILITE D'ORAGE
033235	0	0	7	%	PROBABILITE DE PLUIE FAIBLE
033236	0	0	7	%	PROBABILITE DE PLUIE MODEREE
033237	0	0	7	%	PROBABILITE DE PLUIE FORTE
035192	0	0	7	Numeric	NUMERO DE L'AMENDEMENT
048192	0	0	1	Numeric	BIT DE CALAGE
049192	0	0	4	Code table	CQ INTEGRITE DU MESSAGE
049193	0	0	4	Code table	CODE DE QUALITE ARRET-PANNE
049194	0	0	4	Code table	CODE DE QUALITE ETALONNAGE
049195	0	0	4	Code table	CODE DE QUALITE ELIMINATEUR D'ECHOS FIXES
049196	0	0	4	Code table	CQ CONTROLE TEMPOREL
049197	0	0	4	Code table	CQ CONTROLE SPATIAL
049198	0	0	4	Code table	CQ CONTROLE DE COHERENCE ECHOS FIXES
049199	0	0	4	Code table	CQ COMPARAISON AVEC LES DONNEES SATELLITAIRES
049200	1	-10	14	Numeric	TAUX DE PIXELS IDENTIFIES PROPAGATION ANORMALE
049201	0	0	4	Code table	CODE DETECTION DE PROPAGATION ANORMALE
049204	0	0	8	%	STATUT DE LA DONNEE
049205	0	0	8	Numeric	CODE ATTENUATION PAR LA PLUIE(8 BITS)
049206	1	-600	11	m/s	COMPOSANTE OUEST-EST DU VECTEUR ADVECTION EN M/S
049207	1	-600	11	m/s	COMPOSANTE SUD-NORD DU VECTEUR ADVECTION EN M/S
049208	0	0	2	Flag table	DONNEES AVEC/SANS CORRECTION D ADVECTION
049209	0	0	8	Code table	CODE POUR L'UNITE DE MESURE DE LA LAME D'EAU
049210	0	0	2	Code table	NUMERO DE PVR
049211	0	0	16	Code table	CPTQ IMAGES EMISES PAR LE CALCULATEUR RADAR
049212	0	0	16	Code table	CPTQ IMAGES RECUES PAR LE CONCENTRATEUR
049213	0	0	16	Code table	CPTQ IMAGES EMISES PAR LE CONCENTRATEUR RADAR
049214	0	0	16	Code table	CPTQ IMAGES RECUES PAR LE SYSTEME DE DIFFUSION
049215	0	0	16	Code table	CPTQ IMAGES EMISES PAR LE SYSTEME DE DIFFUSION
049216	0	0	16	Code table	CPTQ IMAGES RECUES PAR LA MACHINE D'ARCHIVAGE
049220	-2	0	7	M	ALTITUDE DE L'ISOTHERME 0 DEGRE DU PVR
049221	1	-100	7	DB/KM	TAUX DE DECROISSANCE DU PVR AU DESSUS DE L'ISOTHERME 0 DEGRE
049222	-2	0	5	M	LARGEUR DE LA BANDE BRILLANTE DU PVR
049223	1	0	7	Numeric	FACTEUR DU RENFORCEMENT DU PVR
049224	0	0	2	Flag table	INDICATEUR RADAR DOPPLER
049225	0	0	2	Flag table	INDICATEUR RADAR DOUBLE POLARISATION
049227	0	0	8	Code table	STATUT DE LA DONNEE DANS LES FICHIERS POUR LA PREVISION NUMERIQUE
049228	0	0	8	Numeric	CODE VITESSE RADIALE (8 BITS)
049229	1	-600	11	m/s	VALEUR MINIMALE DE LA VITESSE RADIALE EN M/S
049230	1	-600	11	m/s	VALEUR MAXIMALE DE LA VITESSE RADIALE EN M/S
049231	1	0	8	m/s	ECART ENTRE DEUX CODES CONSECUTIFS DE LA VITESSE RADIALE EN M/S
049235	0	0	8	Numeric	COORDONNEES X DU POINT NW D APPLICATION DU PREMIER VECTEUR ADVECTION
049236	0	0	8	Numeric	COORDONNEES Y DU POINT NW D APPLICATION DU PREMIER VECTEUR ADVECTION
049237	0	0	8	Numeric	RESOLUTION EN X DU CHAMP D ADVECTION (NOMBRE DE PIXELS)
049238	0	0	8	Numeric	RESOLUTION EN Y DU CHAMP D ADVECTION (NOMBRE DE PIXELS)
049239	1	-160	9	Numeric	FACTEUR DE CORRECTION GLOBAL MENSUEL (PLUIE PLUVIOMETRE)/(PLUIE RADAR) CONVERTI EN DBZ
049240	0	0	2	Flag table	DONNEES AVEC/SANS CORRECTION D ATTENUATION PAR DES PRECIPITATIONS
055192	0	0	2	Code table	FILTRAGE ELEPHANT
055193	2	0	9	Numeric	COEFFICIENT PC_RASSUR DU FILTRE ELEPHANT
055194	2	0	9	Numeric	COEFFICIENT PC_ECART DU FILTRE ELEPHANT
055195	0	0	8	Numeric	SEUIL (% D'OCCURRENCE) DE CARACTERISATION DES ECHOS FIXES
055196	0	0	20	Numeric	NOMBRE DE PIXELS DETECTES ABERRANTS
055197	0	0	20	Numeric	NOMBRE DE PIXELS TRAITES PAR LE FILTRE (VALEUR > SEUIL DE TRAITEMENT)
055198	1	0	16	MM	SEUIL DE TRAITEMENT DU FILTRE
055199	1	0	9	Numeric	POURCENTAGE (EN NOMBRE) DES VALEURS SUPPRIMEES PAR LE FILTRE
055200	0	0	3	Code table	SIGNALISATION DES VALEURS ABERRANTES DETECTEES PAR LE FILTRE
055201	0	0	16	Numeric	VALEUR DE SIGNALISATION DES PIXELS ABERRANTS
055202	0	0	5	Numeric	BIT DE SIGNALISATION DES PIXELS ABERRANTS
055203	0	0	4	Code table	ETAT DE L'ELIMINATEUR D'ECHOS FIXES LORS DE LA CONSTITUTION DU MASQUE D'ECHOS FIXES
055204	2	0	15	deg	SITE UTILISE LORS DE LA CONSTITUTION DU MASQUE D'ECHOS FIXES
055205	-3	0	16	M	PORTEE UTILISEE LORS DE LA CONSTITUTION DU MASQUE D'ECHOS FIXES
055206	0	0	16	Numeric	NOMBRE DE PORTES PAR TIR
055207	0	0	16	M	NOMBRE DE TIRS INTEGRES
055208	0	0	16	Numeric	NOMBRE DE TIRS DANS L'IMAGE
055209	2	-9000	15	deg	ANGLE DE SITE REEL MOYEN SUR LA PERIODE DE CUMUL
055210	0	0	12	YEAR	ANNEE DE FIN DE CONSTITUTION DU MASQUE D'ECHOS FIXES
055211	0	0	4	mon	MOIS DE FIN DE CONSTITUTION DU MASQUE D'ECHOS FIXES
055212	0	0	6	d	JOUR DE FIN DE CONSTITUTION DU MASQUE D'ECHOS FIXES
055213	0	0	5	h	HEURE DE FIN DE CONSTITUTION DU MASQUE D'ECHOS FIXES
055214	0	0	6	min	MINUTE DE FIN DE CONSTITUTION DU MASQUE D'ECHOS FIXES
055215	0	0	6	s	SECONDE DE FIN DE CONSTITUTION DU MASQUE D'ECHOS FIXES
055216	0	-1224	11	d	DUREE DE CONSTITUTION DU MASQUE D'ECHOS FIXES (JOURS)
055217	0	-1224	11	h	DUREE DE CONSTITUTION DU MASQUE D'ECHOS FIXES (HEURES)
055218	0	-2448	12	min	DUREE DE CONSTITUTION DU MASQUE D'ECHOS FIXES (MINUTES)
055219	0	0	80	CCITT IA5	NOM DU FICHIER CONTENANT LE MASQUE D'ECHOS FIXES
055220	0	-2448	12	min	DUREE UTILISEE POUR LE CALCUL DUPROFIL VERTICAL DE REFLECTIVITE
055221	0	0	8	Numeric	POURCENTAGE D'IMAGES VALIDES NECESSAIRE AU CALCUL DU PROFIL VERTICAL DE REFLECTIVITE
055222	0	664	7	DBZ	SEUIL DE REFLECTIVITE UTILISE POUR LE CALCUL DU CHAMP DE DEPLACEMENT
055223	0	0	8	Numeric	POURCENTAGE MINIMUM (ECHOS FIXES PRESENTS/ECHOS FIXES ATTENDUS) POUR VALIDER L'IMAGE
055224	2	0	16	Numeric	FACTEUR DE CORRECTION (REFLECTIVITE SOL/REFLECTIVITE A L'ALTITUDE DE MESURE)
055225	1	664	12	DBZ	CORRECTION DE REFLECTIVITE
055226	0	0	3	Code table	SIGNALISATION DES VALEURS MODIFIEES
055227	0	0	16	Numeric	VALEUR DE SIGNALISATION DES PIXELS MODIFIEES
055228	0	0	5	Numeric	BIT DE SIGNALISATION DES PIXELS MODIFIEES
055229	7	0	10	Numeric	FACTEUR DE LA LOI EXPRIMANT A (ATTENUATION) EN FONCTION DE Z (REFLECTIVITE)
055230	2	0	8	Numeric	EXPOSANT DE LA LOI EXPRIMANT A (ATTENUATION) EN FONCTION DE Z (REFLECTIVITE)
055231	0	0	16	Numeric	NOMBRE D'IMAGES CUMULEES LORS DE LA CONSTITUTION DU MASQUE D'ECHOS FIXES
055232	0	0	3	Code table	MODE DE CONSTITUTION DU MASQUE D'ECHOS FIXES
055233	0	0	16	M	LONGUEUR DE LA PORTE DISTANCE APRES INTEGRATION
